{
  "val_bpb": 1.08964536,
  "val_loss": 1.83981567,
  "artifact_bytes": 14917177,
  "seeds": [42, 1337, 2025],
  "seed_bpbs": [1.08778131, 1.09024766, 1.09090710],
  "eval_stride": 64,
  "eval_times_ms": [504078, 502910, 506092]
}
